system:index,date,precipitable_water_entire_atmosphere,relative_humidity_2m_above_ground,specific_humidity_2m_above_ground,temperature_2m_above_ground,u_component_of_wind_10m_above_ground,v_component_of_wind_10m_above_ground,.geo
0,2018-01-01,12.589814060905889,55.68860620220118,0.005340729732123896,13.032193497550185,-1.1194455728428965,-0.25047535228914414,"{""type"":""MultiPoint"",""coordinates"":[]}"
1,2018-01-02,10.489396247085123,52.75131883948728,0.004879329170911209,12.329128959911454,-0.8877026799192461,-1.070775815723362,"{""type"":""MultiPoint"",""coordinates"":[]}"
2,2018-01-03,7.638002187903785,50.959876704612824,0.004255537938848409,10.994227276286798,-0.9659951367219678,-0.7671875248489302,"{""type"":""MultiPoint"",""coordinates"":[]}"
3,2018-01-04,6.505481491222622,46.95306979122425,0.0038864952037788152,10.981277243711403,-0.7117145475216733,-0.18381372166748738,"{""type"":""MultiPoint"",""coordinates"":[]}"
4,2018-01-05,8.019190308982884,46.609789656641006,0.003937094857333049,11.143352834947198,-0.9275416532077575,-0.14159459672638391,"{""type"":""MultiPoint"",""coordinates"":[]}"
5,2018-01-06,8.64283849172838,45.405733574311704,0.003931016704103609,11.303703300713195,-0.4037436451716539,-0.32822522883003685,"{""type"":""MultiPoint"",""coordinates"":[]}"
6,2018-01-07,9.279028005366328,46.856521244358404,0.00419400404551883,11.825896746455928,-0.258830665684831,-0.5846306189101204,"{""type"":""MultiPoint"",""coordinates"":[]}"
7,2018-01-08,8.16032339191173,52.079934444033796,0.004504035299256661,11.48240061682154,-0.8474210354559228,-0.9398818887953948,"{""type"":""MultiPoint"",""coordinates"":[]}"
8,2018-01-09,7.360160857950499,46.22727177638196,0.003950370355085539,11.260113722222655,-0.7816975134531181,-0.7387273698106896,"{""type"":""MultiPoint"",""coordinates"":[]}"
9,2018-01-10,7.8013764018836875,46.524970098942,0.004054370015139039,11.385413426438438,-0.253702080391343,-0.7375837624150761,"{""type"":""MultiPoint"",""coordinates"":[]}"
10,2018-01-11,13.038795520105555,33.472485189822656,0.003089716642579547,12.404105266260567,0.29084764120693046,-0.6711610552869766,"{""type"":""MultiPoint"",""coordinates"":[]}"
11,2018-01-12,17.101116015179432,32.33108863168747,0.0032634050864857253,13.63108607774928,0.5525792512434108,-0.821996712188506,"{""type"":""MultiPoint"",""coordinates"":[]}"
12,2018-01-13,23.15177698352184,33.45647078947178,0.003622093271864623,15.12618851110276,-0.3746201290665802,-0.5775931385205103,"{""type"":""MultiPoint"",""coordinates"":[]}"
13,2018-01-14,17.978198188734797,43.8559883447128,0.005013667332289458,15.771424055476045,-0.4526234556144799,-0.3413567653723639,"{""type"":""MultiPoint"",""coordinates"":[]}"
14,2018-01-15,12.769769618934259,52.488401338608256,0.0059494263244227455,15.39378396040519,-0.3833078461038168,-0.8037182242196651,"{""type"":""MultiPoint"",""coordinates"":[]}"
15,2018-01-16,6.5898547356263855,43.37153657813074,0.004270256191784301,13.263517225949546,0.1594567982007065,-0.2884602962225589,"{""type"":""MultiPoint"",""coordinates"":[]}"
16,2018-01-17,7.9195428392900755,36.50408226711041,0.0035940480759001857,13.235455375748893,-0.5737280917616517,0.27739060047892133,"{""type"":""MultiPoint"",""coordinates"":[]}"
17,2018-01-18,9.116430005414756,39.17994406834873,0.004014893748403876,13.675195777841513,-0.39035805357652287,0.01465983277059422,"{""type"":""MultiPoint"",""coordinates"":[]}"
18,2018-01-19,9.693149498451469,44.84337635815916,0.004830836624697316,14.701903518601698,0.2260890469652206,0.003672622755851905,"{""type"":""MultiPoint"",""coordinates"":[]}"
19,2018-01-20,10.125416790779152,53.871227153649066,0.005665924311171089,14.492356137142506,-0.16079232718897485,-1.0587922494489537,"{""type"":""MultiPoint"",""coordinates"":[]}"
20,2018-01-21,9.299558510617807,52.83637865528273,0.005402795062674098,14.013988369524519,-0.82666047915834,-0.5862142778177013,"{""type"":""MultiPoint"",""coordinates"":[]}"
21,2018-01-22,9.272715848543056,49.329849623198974,0.004951662357257235,13.640590768538376,-0.889543818863345,0.6314372799676294,"{""type"":""MultiPoint"",""coordinates"":[]}"
22,2018-01-23,14.169870859910562,47.75923865964254,0.0052723550897353436,14.924728983433775,-0.6912754245387683,1.014116759801279,"{""type"":""MultiPoint"",""coordinates"":[]}"
23,2018-01-24,10.60508885635695,50.72760302917319,0.005080378376459072,13.468777382724406,0.9162056006222575,-1.4130317302919138,"{""type"":""MultiPoint"",""coordinates"":[]}"
24,2018-01-25,7.0567912263293815,52.038236876549895,0.004342952064123735,11.166243339434041,0.4863663000821328,-1.0029699658901399,"{""type"":""MultiPoint"",""coordinates"":[]}"
25,2018-01-26,6.191774059208447,47.86062449805695,0.003943496761077029,11.176934128674313,-0.4313533041884444,-0.6522499896157098,"{""type"":""MultiPoint"",""coordinates"":[]}"
26,2018-01-27,7.05020294715568,42.45757573862443,0.0037967293050261905,12.170778203887393,-0.48699981780886137,-0.15273066518650272,"{""type"":""MultiPoint"",""coordinates"":[]}"
27,2018-01-28,7.361577713120333,40.162948524657594,0.003720010778716346,12.771705419347764,-0.7359478928583284,0.23366581767338165,"{""type"":""MultiPoint"",""coordinates"":[]}"
28,2018-01-29,8.6152047327412,41.158265677543774,0.004159576542469768,14.013378496660751,-0.46550421817568105,0.13914551228231675,"{""type"":""MultiPoint"",""coordinates"":[]}"
29,2018-01-30,9.432889116996762,43.58330999144855,0.004630645194221835,14.71275575168501,0.1547414636391266,-0.3280096127209522,"{""type"":""MultiPoint"",""coordinates"":[]}"
30,2018-01-31,9.149408912720585,36.73070337072819,0.004300627565285975,16.121468369532167,1.243418737746043,-0.39966360446795907,"{""type"":""MultiPoint"",""coordinates"":[]}"
31,2018-02-01,10.106827234347552,40.00712718639865,0.004632469779177984,16.246098372700935,0.586859706516039,-0.2992864003128761,"{""type"":""MultiPoint"",""coordinates"":[]}"
32,2018-02-02,11.546469902376149,37.695815432491806,0.0045845441485130685,16.846436216829026,0.582140864484646,0.32979892316633586,"{""type"":""MultiPoint"",""coordinates"":[]}"
33,2018-02-03,14.471379171762191,39.826851701184346,0.00494662294259062,17.107217203525472,-0.2609707805348003,-0.4356666926808503,"{""type"":""MultiPoint"",""coordinates"":[]}"
34,2018-02-04,14.077088288878167,49.74482135255152,0.005687179415435787,15.818666862267177,-0.8086680870226983,-1.6923152722672172,"{""type"":""MultiPoint"",""coordinates"":[]}"
35,2018-02-05,18.56675267556483,47.31727255865424,0.005538912130932647,15.896663809681705,-1.3375788698504805,-0.9325130701348384,"{""type"":""MultiPoint"",""coordinates"":[]}"
36,2018-02-06,19.812769123834027,45.16718716106502,0.005705860064246485,17.027086490275522,-0.9727906292217713,-0.6751584372063498,"{""type"":""MultiPoint"",""coordinates"":[]}"
37,2018-02-07,22.87355168274333,36.929190518698164,0.005216846586169414,18.8195124094939,0.16551625573136436,-1.3674116396737028,"{""type"":""MultiPoint"",""coordinates"":[]}"
38,2018-02-08,18.723536057308745,45.83715160259756,0.005599602846068009,16.585857367436304,-0.25988041698339004,-0.5706439043563221,"{""type"":""MultiPoint"",""coordinates"":[]}"
39,2018-02-09,15.711370646069497,42.822022226749986,0.0050797779238035395,16.194624101252284,0.17166523108463255,-1.2410684646008328,"{""type"":""MultiPoint"",""coordinates"":[]}"
40,2018-02-10,10.654148789275478,30.56675229260113,0.0033839637661845813,15.255004870483475,-1.6001265944658407,-0.5428690626046856,"{""type"":""MultiPoint"",""coordinates"":[]}"
41,2018-02-11,16.45992037999668,34.95705376803393,0.004205517513446416,16.169418720421664,-1.35542552657131,0.5512540750919298,"{""type"":""MultiPoint"",""coordinates"":[]}"
42,2018-02-12,24.554491149229076,70.28307329089006,0.008539484826384214,16.679824281712936,-0.3811519287913684,1.5182988569349138,"{""type"":""MultiPoint"",""coordinates"":[]}"
43,2018-02-13,21.848852036716828,72.85882451106997,0.008466370360225814,16.026898534323305,-0.8565985364668699,-0.8914329482590658,"{""type"":""MultiPoint"",""coordinates"":[]}"
44,2018-02-14,15.89962576485253,75.03927658333926,0.008329117318523814,15.273837498155455,-0.5910688105343559,-1.7289985665084617,"{""type"":""MultiPoint"",""coordinates"":[]}"
45,2018-02-15,11.951249826827866,47.98487309596375,0.00509591940793179,14.682409115672574,0.5188977524949361,-0.9439818378636982,"{""type"":""MultiPoint"",""coordinates"":[]}"
46,2018-02-16,14.296135326863514,46.69528327491895,0.0054400104977785765,16.191776806254023,-0.2551711138049271,-0.9664786392395439,"{""type"":""MultiPoint"",""coordinates"":[]}"
47,2018-02-17,12.775858827425692,44.90185661311943,0.005609192234254119,17.277632316903002,0.649012927236302,-0.12073679407482667,"{""type"":""MultiPoint"",""coordinates"":[]}"
48,2018-02-18,13.805946641773101,39.70250601572948,0.0051348427405128,17.81671439025454,-0.1324529282038794,-0.05951587634890348,"{""type"":""MultiPoint"",""coordinates"":[]}"
49,2018-02-19,15.466119402648838,40.149968119527564,0.005344631223910735,18.327280797341587,-0.7699257525784691,-0.05086701184542867,"{""type"":""MultiPoint"",""coordinates"":[]}"
50,2018-02-20,14.317102842943251,38.78981532817253,0.00522775200957383,18.396846680862676,-0.9936829037603219,-0.6460455015197302,"{""type"":""MultiPoint"",""coordinates"":[]}"
51,2018-02-21,13.441474964092087,31.762546138080626,0.0044559845124932706,18.85967985356423,-0.4033273370268512,0.4545633395854696,"{""type"":""MultiPoint"",""coordinates"":[]}"
52,2018-02-22,15.514571839037478,31.117686411631112,0.004675338795637436,20.04162971571958,0.3642390041323296,0.1457946544395923,"{""type"":""MultiPoint"",""coordinates"":[]}"
53,2018-02-23,17.14144922308697,30.533814740682995,0.0049114772608186245,21.04206396996283,0.2147358802874718,0.3732964794726788,"{""type"":""MultiPoint"",""coordinates"":[]}"
54,2018-02-24,19.341295323119677,34.867891428199954,0.0058469158569548485,21.745964684541498,0.3164593118691444,0.3136113943079504,"{""type"":""MultiPoint"",""coordinates"":[]}"
55,2018-02-25,21.93302612796354,35.155399839456045,0.006146513160818668,22.47507290505982,0.5576788031226921,-0.21220731352262187,"{""type"":""MultiPoint"",""coordinates"":[]}"
56,2018-02-26,15.768466462805415,44.644950660057184,0.006749403847698528,20.321428786658814,0.24163586844473428,-1.7332298248781721,"{""type"":""MultiPoint"",""coordinates"":[]}"
57,2018-02-27,13.189231760216993,35.168882297466865,0.005268471737452951,20.05292781082464,-0.31425579180536917,-0.4436228588924279,"{""type"":""MultiPoint"",""coordinates"":[]}"
58,2018-02-28,16.321226830485557,38.4025230533525,0.005956040399852067,20.7171416584813,-0.9495910539381801,-0.18142278707654455,"{""type"":""MultiPoint"",""coordinates"":[]}"
59,2018-03-01,18.871964982889292,35.61616932856599,0.005873883794875362,21.708364166403527,-0.5536969167291386,0.1241703949222491,"{""type"":""MultiPoint"",""coordinates"":[]}"
60,2018-03-02,18.592026973983938,32.76983325351243,0.005688297996115119,22.401651524089992,0.2822806572105549,-0.5698540309836521,"{""type"":""MultiPoint"",""coordinates"":[]}"
61,2018-03-03,15.879472873519873,29.507504545180755,0.004934110430488036,21.77855118676478,0.4192464779320938,-1.0207218700423537,"{""type"":""MultiPoint"",""coordinates"":[]}"
62,2018-03-04,15.15180925432811,24.267160919442656,0.004207543736375586,22.18960877626119,1.8838832218727777,-0.5625028143513772,"{""type"":""MultiPoint"",""coordinates"":[]}"
63,2018-03-05,20.965750718134338,35.76647543459507,0.005877740581054584,22.069212844401385,0.099115499890871,-1.4704630174848141,"{""type"":""MultiPoint"",""coordinates"":[]}"
64,2018-03-06,15.305299858004128,37.221887136778435,0.00575989880042007,20.465446233671376,-0.48022859245775446,-1.5601917521648516,"{""type"":""MultiPoint"",""coordinates"":[]}"
65,2018-03-07,12.20364921728817,31.82323197398555,0.004704383704821725,19.808690274664436,-0.8368128835362318,-0.737917159121121,"{""type"":""MultiPoint"",""coordinates"":[]}"
66,2018-03-08,21.27588655413157,30.792262052096845,0.005282157352767169,21.988954275106227,-1.149277571465632,-0.425422476807986,"{""type"":""MultiPoint"",""coordinates"":[]}"
67,2018-03-09,19.733737581635154,38.79883132654454,0.00639152688557275,21.52747514078391,-0.972761437096191,-0.026120294440701672,"{""type"":""MultiPoint"",""coordinates"":[]}"
68,2018-03-10,17.07589613040378,26.07327911484051,0.004576118812258204,22.43375188355531,-0.6071444162489907,-0.41417799712342723,"{""type"":""MultiPoint"",""coordinates"":[]}"
69,2018-03-11,16.336076717599262,24.7396539663672,0.00447695091819525,22.90370036433806,0.04206141214424125,-0.5194265522637418,"{""type"":""MultiPoint"",""coordinates"":[]}"
70,2018-03-12,13.795907510308748,26.584819443609117,0.004753272371497471,22.73476157974951,0.20259572843654763,-0.49697937718723095,"{""type"":""MultiPoint"",""coordinates"":[]}"
71,2018-03-13,10.373763699165465,21.303807496940717,0.0037923386582979163,22.79402960686942,0.017578131155611135,0.10015260436643234,"{""type"":""MultiPoint"",""coordinates"":[]}"
72,2018-03-14,14.928220110422533,20.463467812203906,0.003876515965650571,23.662510942637002,0.4116977280964189,0.3811508141405635,"{""type"":""MultiPoint"",""coordinates"":[]}"
73,2018-03-15,21.53313380612091,24.83644064604481,0.00502772233217937,24.958104995682817,1.4876468859932224,-0.29283233292794225,"{""type"":""MultiPoint"",""coordinates"":[]}"
74,2018-03-16,19.04323600482822,32.99621643857289,0.005892806771429792,22.633723235746036,1.528060816056887,0.4223663350371147,"{""type"":""MultiPoint"",""coordinates"":[]}"
75,2018-03-17,16.54435685240683,42.249802722413335,0.006793443439341075,21.38781046126985,0.5678788157823298,0.03012656651852132,"{""type"":""MultiPoint"",""coordinates"":[]}"
76,2018-03-18,13.213809494423437,25.787389664346904,0.004343815235179273,21.817070860921316,-0.9294000187811062,-0.46336512558663906,"{""type"":""MultiPoint"",""coordinates"":[]}"
77,2018-03-19,17.65245243569664,20.91628271147993,0.004001118302987133,23.60325532338993,-1.6381912071982783,0.1458449324716502,"{""type"":""MultiPoint"",""coordinates"":[]}"
78,2018-03-20,22.73406653817657,26.522634046537437,0.005287766310389881,24.455966063422764,-0.32325873029727376,-0.5659742660466951,"{""type"":""MultiPoint"",""coordinates"":[]}"
79,2018-03-21,20.846619127202256,29.329261929064387,0.005911429043979844,24.535640965256793,1.09089263757304,0.1327845504916587,"{""type"":""MultiPoint"",""coordinates"":[]}"
80,2018-03-22,14.216536414694565,32.14225291908877,0.00556877454678901,22.316811136049346,1.7211545600752378,-0.8996434554877523,"{""type"":""MultiPoint"",""coordinates"":[]}"
81,2018-03-23,13.542511351025514,30.967621639467627,0.005243837019646072,21.87520223089002,0.6577143291489478,-1.528034210570682,"{""type"":""MultiPoint"",""coordinates"":[]}"
82,2018-03-24,12.303996833538923,28.255988031807885,0.004804548346627941,22.067505222661296,-0.4693188181446943,-1.6104754196345124,"{""type"":""MultiPoint"",""coordinates"":[]}"
83,2018-03-25,12.070247960774271,25.51671231892194,0.004534488451130192,22.844732615663926,-0.3549752532740829,-1.5847507015333389,"{""type"":""MultiPoint"",""coordinates"":[]}"
84,2018-03-26,10.020848771966941,19.936483049027377,0.0035519769410446516,22.90020173128003,-0.30164237702140795,-1.097733954836102,"{""type"":""MultiPoint"",""coordinates"":[]}"
85,2018-03-27,8.094210172978038,15.636130404322936,0.002948952289003838,23.733693962596835,0.5883992273893216,-0.2965096375482743,"{""type"":""MultiPoint"",""coordinates"":[]}"
86,2018-03-28,10.308017387934738,13.542930472328594,0.0027640158302238834,24.83277648556939,0.8312806013394669,0.10964565592338797,"{""type"":""MultiPoint"",""coordinates"":[]}"
87,2018-03-29,8.417460548792887,12.904421708801605,0.00260633985087623,24.679968054766313,0.6438222651805955,-0.976064722093015,"{""type"":""MultiPoint"",""coordinates"":[]}"
88,2018-03-30,8.035674241458272,13.184334697291911,0.0027781667450054717,25.352747438369096,1.5708231328719708,0.0262825289488386,"{""type"":""MultiPoint"",""coordinates"":[]}"
89,2018-03-31,10.492156999723097,18.75102135468774,0.0037212687685072464,24.580837222092963,0.14401103690655395,0.2602188807309145,"{""type"":""MultiPoint"",""coordinates"":[]}"
90,2018-04-01,14.874850077056818,31.446704066446404,0.00627102416651404,24.74994103726932,-0.5538275216498445,-0.5891280984323741,"{""type"":""MultiPoint"",""coordinates"":[]}"
91,2018-04-02,15.592102219426502,35.65789295271416,0.00692661579462833,24.712587604914496,-0.8627604768134994,0.17944173549193784,"{""type"":""MultiPoint"",""coordinates"":[]}"
92,2018-04-03,16.94933031140025,25.57991357694452,0.0055385478257107,26.097591387483963,-0.4424837325513373,0.1578102697982682,"{""type"":""MultiPoint"",""coordinates"":[]}"
93,2018-04-04,18.49995706734567,22.225968477859652,0.0050944224827628275,26.966276705906193,0.05667841912211675,0.1961693624620606,"{""type"":""MultiPoint"",""coordinates"":[]}"
94,2018-04-05,17.3236452727566,19.283906594552306,0.004456511415275722,26.88269995611778,1.3214381495473906,0.12302662897178096,"{""type"":""MultiPoint"",""coordinates"":[]}"
95,2018-04-06,20.834998035089935,26.208683492502654,0.006008654376674853,26.896141728860968,0.7956731939499797,0.047944914732860465,"{""type"":""MultiPoint"",""coordinates"":[]}"
96,2018-04-07,23.401124243712708,32.92280483983097,0.0074493257141209895,26.711685641362152,0.20093957657464567,-0.46753398439840904,"{""type"":""MultiPoint"",""coordinates"":[]}"
97,2018-04-08,24.432744517864766,39.540009558650354,0.008575213524665837,26.16535875940435,-0.13274588833139792,1.0031487095907734,"{""type"":""MultiPoint"",""coordinates"":[]}"
98,2018-04-09,23.5627368960885,33.52736072133094,0.007426277222375166,26.409746414726104,-0.3959205384555199,0.9499762522021993,"{""type"":""MultiPoint"",""coordinates"":[]}"
99,2018-04-10,25.630904554693235,30.22116951838743,0.007100956990349122,27.492664594790956,-0.07112034460611406,0.003818641388416884,"{""type"":""MultiPoint"",""coordinates"":[]}"
100,2018-04-11,27.42175965390015,32.72352126698423,0.007874782791988322,27.79793706966061,0.08441806224354509,0.7894071678563646,"{""type"":""MultiPoint"",""coordinates"":[]}"
101,2018-04-12,28.631548183160216,37.236900704794955,0.008649967160854751,27.14445603037434,0.19580100424327518,0.842220696181766,"{""type"":""MultiPoint"",""coordinates"":[]}"
102,2018-04-13,25.73262159161635,34.57565894552428,0.008064928073733001,27.150011418539727,-0.39845256910224025,0.5581809686067313,"{""type"":""MultiPoint"",""coordinates"":[]}"
103,2018-04-14,26.991743122484536,28.65627775544939,0.0069791880284785675,27.988352931532933,-0.8176740559665469,0.06932111476348439,"{""type"":""MultiPoint"",""coordinates"":[]}"
104,2018-04-15,25.811881069400357,29.617830291034927,0.007427035243704437,28.553889076515027,-0.11000569693881615,0.8387462817281875,"{""type"":""MultiPoint"",""coordinates"":[]}"
105,2018-04-16,27.395761140697378,34.03344971908383,0.008162532516714956,27.90431517771266,0.4635161320032587,0.9124201203570392,"{""type"":""MultiPoint"",""coordinates"":[]}"
106,2018-04-17,24.402787036505597,23.795934490996036,0.006379082870068587,29.539024459821572,1.3304625560741499,-0.018237725576220887,"{""type"":""MultiPoint"",""coordinates"":[]}"
107,2018-04-18,17.41724537840061,18.233829006583306,0.004764300101373209,28.967171777345303,1.3564513554214093,-1.4339747753868093,"{""type"":""MultiPoint"",""coordinates"":[]}"
108,2018-04-19,15.949183137577428,17.049807627319336,0.0042869159761626885,28.36671694535474,1.0878468778219228,-0.5764771355821825,"{""type"":""MultiPoint"",""coordinates"":[]}"
109,2018-04-20,20.08383592221966,18.52589386695479,0.00490674743133831,29.236336145447094,1.9284537706641987,0.6491008937447083,"{""type"":""MultiPoint"",""coordinates"":[]}"
110,2018-04-21,19.200651365710367,25.85399642854923,0.006492979235331807,28.30995617388923,1.44294965023345,-1.9936200223684652,"{""type"":""MultiPoint"",""coordinates"":[]}"
111,2018-04-22,12.944818772684071,16.86329252698245,0.003857134232610293,26.7093520802205,-0.0026076828028775796,-2.371678595373895,"{""type"":""MultiPoint"",""coordinates"":[]}"
112,2018-04-23,9.310314517120997,12.450990467323047,0.0027619263339343347,26.258610290480316,0.05377931736110917,-1.8615304511284456,"{""type"":""MultiPoint"",""coordinates"":[]}"
113,2018-04-24,8.112857477981697,10.926465220906499,0.002484578419330812,26.762822207638653,0.46069783461706293,-0.42253611337568586,"{""type"":""MultiPoint"",""coordinates"":[]}"
114,2018-04-25,8.462811261909224,9.959141952757946,0.002400707187393792,27.775726984480848,1.35318646066865,0.37178563207044385,"{""type"":""MultiPoint"",""coordinates"":[]}"
115,2018-04-26,12.454774692152666,13.909296213875805,0.003471877884558298,28.308927434376848,2.4175304023115216,0.07703463530771716,"{""type"":""MultiPoint"",""coordinates"":[]}"
116,2018-04-27,17.94304559348278,22.989183392462,0.006012750843974566,29.08802355802993,1.5360407969279297,0.023861800188754802,"{""type"":""MultiPoint"",""coordinates"":[]}"
117,2018-04-28,24.596282390143738,25.3173224766169,0.007011712930711854,30.30301344306191,0.26801561875002733,0.3842872698572768,"{""type"":""MultiPoint"",""coordinates"":[]}"
118,2018-04-29,25.420269041646286,26.82172284216241,0.007826297780956674,31.26338881448672,2.4568200094362864,0.1414047963962129,"{""type"":""MultiPoint"",""coordinates"":[]}"
119,2018-04-30,26.327111296550846,33.68165448201021,0.009399662405974325,30.40041913536968,1.649940994124039,1.0886163198994916,"{""type"":""MultiPoint"",""coordinates"":[]}"
120,2018-05-01,24.589785883624245,34.603101626804325,0.009388377338311368,29.82527058915194,-0.18160763471698366,1.5550847748026209,"{""type"":""MultiPoint"",""coordinates"":[]}"
121,2018-05-02,25.771663379938495,32.16646340787426,0.008850519314522364,30.071180144258726,0.9237132965200636,0.4542554093340267,"{""type"":""MultiPoint"",""coordinates"":[]}"
122,2018-05-03,26.718426716147132,33.71091677598031,0.009057209482664398,29.916037474205215,-0.65745585791344,0.20960426173532828,"{""type"":""MultiPoint"",""coordinates"":[]}"
123,2018-05-04,23.605868131800605,37.27426385922586,0.009405326475203871,28.762483010622457,0.2822740107850991,1.2059985902923394,"{""type"":""MultiPoint"",""coordinates"":[]}"
124,2018-05-05,24.657694627372432,32.23159885045146,0.00880412049959423,30.08395020933338,1.2510363600473902,0.700264215364269,"{""type"":""MultiPoint"",""coordinates"":[]}"
125,2018-05-06,25.906602096426358,26.80308951434821,0.007939900397511523,31.461801391860938,1.5035647093986813,0.7400217943378956,"{""type"":""MultiPoint"",""coordinates"":[]}"
126,2018-05-07,20.088033501492863,22.50986535771758,0.0064833892443270005,30.76206777605796,2.710619399242246,0.057918991379056976,"{""type"":""MultiPoint"",""coordinates"":[]}"
127,2018-05-08,17.52992615550038,23.447478468053664,0.006179633239254392,29.59873482219268,2.5775092801786768,-0.8103115859174316,"{""type"":""MultiPoint"",""coordinates"":[]}"
128,2018-05-09,22.630097840050208,29.623678109135167,0.007761743112371475,29.029317413848876,0.6041786437254252,-0.686944552686906,"{""type"":""MultiPoint"",""coordinates"":[]}"
129,2018-05-10,23.521742035058704,23.030712608755252,0.006499086234924655,30.369304823995485,-0.15159661417325063,-0.3314463833910575,"{""type"":""MultiPoint"",""coordinates"":[]}"
130,2018-05-11,21.286875504196058,19.390539774479265,0.005623810194384128,30.904723606825293,-0.1385157844381517,0.5227509722099213,"{""type"":""MultiPoint"",""coordinates"":[]}"
131,2018-05-12,23.213000026428983,21.39170835965464,0.006398250119618568,31.41832626277337,1.1229185647346698,0.5175055245170207,"{""type"":""MultiPoint"",""coordinates"":[]}"
132,2018-05-13,23.3582871789351,24.48790687815953,0.007138618943724505,31.24003509059733,1.6295923899792335,-0.3791531773944693,"{""type"":""MultiPoint"",""coordinates"":[]}"
133,2018-05-14,24.53066661672996,28.213183853669047,0.008036852515919636,30.603173280767653,0.7728543735152124,0.6399509561100498,"{""type"":""MultiPoint"",""coordinates"":[]}"
134,2018-05-15,28.61465675238248,37.25604970158723,0.01041466633841453,30.445970401410758,0.4642437597607901,1.4355047017410647,"{""type"":""MultiPoint"",""coordinates"":[]}"
135,2018-05-16,28.254900201038954,26.65262636356813,0.007974260224903405,31.48011401634068,1.6158594097026946,0.6980348772012135,"{""type"":""MultiPoint"",""coordinates"":[]}"
136,2018-05-17,22.319549011222495,25.43432658635664,0.007555185633565634,31.33804987279006,0.921150514523589,-0.29816882397389394,"{""type"":""MultiPoint"",""coordinates"":[]}"
137,2018-05-18,22.996739954331087,22.572568788151052,0.006867320134279242,31.922661379686076,1.419558310796887,0.6585017294752803,"{""type"":""MultiPoint"",""coordinates"":[]}"
138,2018-05-19,22.281875698016105,29.840044353228894,0.008635890934774432,31.083534217172758,1.2324159570271906,0.26833037810121946,"{""type"":""MultiPoint"",""coordinates"":[]}"
139,2018-05-20,22.291353056079306,27.977847327034684,0.00818009945763707,31.192700603218796,0.47595313137480016,-0.1896096995633881,"{""type"":""MultiPoint"",""coordinates"":[]}"
140,2018-05-21,24.059179737738344,27.696401568402713,0.00826603581264949,31.867813810321564,0.7334841540420628,-0.2055517537519427,"{""type"":""MultiPoint"",""coordinates"":[]}"
141,2018-05-22,27.167055038954697,25.04539871907173,0.007931799049110184,32.698611857133976,0.8388616682371675,0.632363470174198,"{""type"":""MultiPoint"",""coordinates"":[]}"
142,2018-05-23,29.639100140406995,26.09686074522455,0.008530786419154633,33.15278680474739,1.1694260100261948,0.9599010322619471,"{""type"":""MultiPoint"",""coordinates"":[]}"
143,2018-05-24,27.892594360557403,26.4093804051563,0.008545814749252484,32.89226521899121,1.92257854535177,0.7557343646047384,"{""type"":""MultiPoint"",""coordinates"":[]}"
144,2018-05-25,27.429412711302273,29.556358404482218,0.009234644506650857,32.15082365136164,0.830047855066528,-0.40593714156697597,"{""type"":""MultiPoint"",""coordinates"":[]}"
145,2018-05-26,24.350236506149745,22.80884645652485,0.007104587951664231,32.70926551818861,1.6891495536745387,0.3588253045868361,"{""type"":""MultiPoint"",""coordinates"":[]}"
146,2018-05-27,23.782940225582973,24.929303537515086,0.007836459923481027,32.61230542280503,0.9755968068049151,0.4357104241349873,"{""type"":""MultiPoint"",""coordinates"":[]}"
147,2018-05-28,21.381572836067495,24.24836607412526,0.007708928762720436,32.79723035839435,2.138125225142365,0.4129497800428622,"{""type"":""MultiPoint"",""coordinates"":[]}"
148,2018-05-29,21.8381777936684,28.174781844670964,0.008836417996225688,32.31112808493696,1.9998747708966578,0.23450774120965887,"{""type"":""MultiPoint"",""coordinates"":[]}"
149,2018-05-30,28.647569113155434,38.479751659304,0.011588208694519313,31.996404472204002,1.4079495576614607,0.6907622372303781,"{""type"":""MultiPoint"",""coordinates"":[]}"
150,2018-05-31,33.81457320657256,39.41113210666445,0.012462343208642748,32.54162421232979,0.33341588317970855,-0.11253215410316435,"{""type"":""MultiPoint"",""coordinates"":[]}"
151,2018-06-01,33.29097623457531,40.04312036229327,0.012259884816342784,32.11700686374296,0.9141276902801023,2.1054531726097934,"{""type"":""MultiPoint"",""coordinates"":[]}"
152,2018-06-02,36.14049326273267,38.1322139741062,0.01164012550857031,31.830598133579652,0.5276567228868797,0.8819033362587704,"{""type"":""MultiPoint"",""coordinates"":[]}"
153,2018-06-03,35.108841037465915,46.68211884947546,0.013687272644744815,31.202813128762994,1.7856835221312457,1.5380155292942226,"{""type"":""MultiPoint"",""coordinates"":[]}"
154,2018-06-04,37.3005208991386,43.421432482627175,0.013415528316001204,32.06061018220155,2.2985699833535995,1.1274928855219541,"{""type"":""MultiPoint"",""coordinates"":[]}"
155,2018-06-05,38.347068046839624,42.18778840993493,0.013090758643489844,32.19486868596137,0.6607137425625756,0.6663728360923361,"{""type"":""MultiPoint"",""coordinates"":[]}"
156,2018-06-06,44.78251790751519,41.8536751826063,0.013625909353661078,33.00679811321903,1.3193996009586455,0.9661083054482598,"{""type"":""MultiPoint"",""coordinates"":[]}"
157,2018-06-07,47.474629720420296,44.524338444461335,0.01434392228862134,32.89220395053797,1.5044889235917316,0.9003931753970559,"{""type"":""MultiPoint"",""coordinates"":[]}"
158,2018-06-08,46.72258410989182,47.729986380658886,0.015009326548784029,32.50366873690055,2.68315562288014,1.300994333343867,"{""type"":""MultiPoint"",""coordinates"":[]}"
159,2018-06-09,54.60990142625394,56.32527872289924,0.016318631024260226,30.939733069328593,3.100740597053063,0.534839332998887,"{""type"":""MultiPoint"",""coordinates"":[]}"
160,2018-06-10,56.15270530336956,65.05864917625627,0.01779928045471364,29.821877694327796,3.0092022114149577,0.37983674194458555,"{""type"":""MultiPoint"",""coordinates"":[]}"
161,2018-06-11,50.68515235226583,61.753293546090944,0.016837930141116047,30.001878826484987,4.748608414174299,0.6056313709652511,"{""type"":""MultiPoint"",""coordinates"":[]}"
162,2018-06-12,46.18462239631702,60.47849057523822,0.016716611018089998,30.348424144376377,5.818466313665068,1.195410167175762,"{""type"":""MultiPoint"",""coordinates"":[]}"
163,2018-06-13,37.772135649505685,54.95244030616029,0.015550304268424572,30.79095583823035,6.499275927324328,1.7650206855402235,"{""type"":""MultiPoint"",""coordinates"":[]}"
164,2018-06-14,31.256137245780565,51.47817061974976,0.014610341858117704,30.802913004870913,6.553967407357175,0.9351293056514146,"{""type"":""MultiPoint"",""coordinates"":[]}"
165,2018-06-15,30.469519120275738,47.55539741144822,0.013205166069351503,30.500315926820008,5.280358739969052,1.131802947046267,"{""type"":""MultiPoint"",""coordinates"":[]}"
166,2018-06-16,33.839990926643786,48.23854543827222,0.013665526589394485,30.765191962291272,5.699841457703051,1.0076014142797514,"{""type"":""MultiPoint"",""coordinates"":[]}"
167,2018-06-17,36.493766280283666,47.547303730223554,0.013537438084932853,30.940387684974667,4.9721469350992535,1.2161153081235014,"{""type"":""MultiPoint"",""coordinates"":[]}"
168,2018-06-18,43.060631920151906,51.550988363580046,0.014919733968304852,31.006444745755026,2.7473171915583228,1.1260477571749465,"{""type"":""MultiPoint"",""coordinates"":[]}"
169,2018-06-19,46.38907359021366,56.97916120550857,0.015429462827309679,29.92948030911197,1.7968442134258524,0.36685426048606906,"{""type"":""MultiPoint"",""coordinates"":[]}"
170,2018-06-20,45.46386308844427,52.083524444832506,0.014835319978533929,30.832290313386125,2.1100870199355386,0.08368051529288713,"{""type"":""MultiPoint"",""coordinates"":[]}"
171,2018-06-21,46.782759704024606,44.684733374371504,0.01350559209404994,32.22146923817402,2.069975448025927,1.0643684800168671,"{""type"":""MultiPoint"",""coordinates"":[]}"
172,2018-06-22,51.81089734146579,57.21424297494004,0.015800627041378017,30.626960288876603,3.0681691301000216,1.889747269289683,"{""type"":""MultiPoint"",""coordinates"":[]}"
173,2018-06-23,53.57163806994247,59.94295056709374,0.016447058034977986,30.08796370172478,3.3508862853717756,1.7970328893296152,"{""type"":""MultiPoint"",""coordinates"":[]}"
174,2018-06-24,53.57840811882899,56.60976152698062,0.015845636202071425,30.759841092270776,3.5251039618349855,1.3905499422161658,"{""type"":""MultiPoint"",""coordinates"":[]}"
175,2018-06-25,56.42364093217577,62.13987247648271,0.016877585116547775,29.887877791760655,4.019939036847083,0.8617163392683699,"{""type"":""MultiPoint"",""coordinates"":[]}"
176,2018-06-26,59.830955776133585,70.15857666326706,0.0174984195111167,28.28775509268033,3.689258677696214,1.6887453525333196,"{""type"":""MultiPoint"",""coordinates"":[]}"
177,2018-06-27,60.33854794238627,74.6650006805065,0.017597238742000375,27.254893174996504,2.342086119936635,1.1941227940310242,"{""type"":""MultiPoint"",""coordinates"":[]}"
178,2018-06-28,61.43407931576728,75.1477555865802,0.01770188117462899,27.248793636458174,0.9588979819960888,0.3574670299527634,"{""type"":""MultiPoint"",""coordinates"":[]}"
179,2018-06-29,58.68434434805642,78.03801734862,0.017297014036550505,26.192233693479096,1.4920224726217066,2.4938825180050737,"{""type"":""MultiPoint"",""coordinates"":[]}"
180,2018-06-30,56.31286451490042,75.6695489304002,0.017184176310066964,26.676999790541426,2.3206591697385432,1.945721844915451,"{""type"":""MultiPoint"",""coordinates"":[]}"
181,2018-07-01,57.479124943180594,70.19170122647019,0.017267894814608036,28.026039434500074,3.5880067805120044,0.8167235633582974,"{""type"":""MultiPoint"",""coordinates"":[]}"
182,2018-07-02,58.693207978701835,68.54656121038859,0.01730285056152076,28.51318892891906,4.0331719746586305,1.7225620189852888,"{""type"":""MultiPoint"",""coordinates"":[]}"
183,2018-07-03,56.979128195948384,68.55099532724427,0.01689964929954543,28.037015672621393,3.1032241782012573,2.610796195609052,"{""type"":""MultiPoint"",""coordinates"":[]}"
184,2018-07-04,58.408982826073576,76.60881360013734,0.017954068451813444,27.106693879209715,4.414459167909906,2.0131157273819587,"{""type"":""MultiPoint"",""coordinates"":[]}"
185,2018-07-05,57.363534259768585,78.04730718398322,0.017479718688107947,26.40796189701521,2.9544985337816745,1.2357270119761175,"{""type"":""MultiPoint"",""coordinates"":[]}"
186,2018-07-06,56.072639878269335,72.46844513239706,0.017283627266074734,27.657436669954848,3.6080781611105186,-0.20557221605696002,"{""type"":""MultiPoint"",""coordinates"":[]}"
187,2018-07-07,55.04379877755686,71.76457772045806,0.01740685261128308,27.963550513492933,2.971302368823106,0.015293810330017492,"{""type"":""MultiPoint"",""coordinates"":[]}"
188,2018-07-08,53.90164748760857,70.19189010746224,0.01750805781859506,28.594447812831703,2.2782033026806707,-0.2803901974701289,"{""type"":""MultiPoint"",""coordinates"":[]}"
189,2018-07-09,58.28067200050539,70.93708039707289,0.01829538961562189,28.993965981033362,2.001606169217756,0.19894316455822414,"{""type"":""MultiPoint"",""coordinates"":[]}"
190,2018-07-10,62.687032996165456,75.31482357867019,0.01847188307801414,28.176801708794223,1.0445370502337834,0.19643920442761248,"{""type"":""MultiPoint"",""coordinates"":[]}"
191,2018-07-11,64.26061180114496,76.0085207600571,0.018547647494242085,28.138402611992333,1.713111561280462,0.3996711207783725,"{""type"":""MultiPoint"",""coordinates"":[]}"
192,2018-07-12,65.64827456026705,82.89869383974799,0.019041191491318575,26.807403932425025,3.310857279427226,0.24118054169876768,"{""type"":""MultiPoint"",""coordinates"":[]}"
193,2018-07-13,66.24536565676556,86.96538979456027,0.018966293024292022,25.830232887108405,2.4694037202402996,0.3060294442640032,"{""type"":""MultiPoint"",""coordinates"":[]}"
194,2018-07-14,65.84204965142905,86.07118364315987,0.019235560821833853,26.245297340127657,2.1189849699573484,0.2855292642418466,"{""type"":""MultiPoint"",""coordinates"":[]}"
195,2018-07-15,64.70536806793355,85.40628647355672,0.019478319194573143,26.62318659276888,0.8556823943157741,-0.023404725660704104,"{""type"":""MultiPoint"",""coordinates"":[]}"
196,2018-07-16,62.160656247715174,80.65461721341117,0.019580299868171905,27.74543471171249,0.1931973993002001,-0.3914184033314547,"{""type"":""MultiPoint"",""coordinates"":[]}"
197,2018-07-17,62.61811944293141,81.5197137236563,0.019024490256366697,27.07686911274069,0.6366895216545322,0.05487660748433729,"{""type"":""MultiPoint"",""coordinates"":[]}"
198,2018-07-18,65.96152419842399,82.10226557687838,0.018899893221475984,26.895868239596084,1.9177891104518927,0.03416230846723476,"{""type"":""MultiPoint"",""coordinates"":[]}"
199,2018-07-19,66.85152665290502,84.25231894472968,0.018924679779959732,26.407952520937645,2.219447660672359,0.15619153493877044,"{""type"":""MultiPoint"",""coordinates"":[]}"
200,2018-07-20,65.57782209358434,85.10784256028775,0.018891759483376347,26.12943517476668,2.7945100416114195,0.3623820432194467,"{""type"":""MultiPoint"",""coordinates"":[]}"
201,2018-07-21,64.28376010831822,85.54203488777905,0.019155975471728048,26.303651607775926,3.6729858850471366,0.9503986128867041,"{""type"":""MultiPoint"",""coordinates"":[]}"
202,2018-07-22,66.92466002435657,86.88327945528539,0.01892332597766102,25.79491534441444,2.8734703895777667,0.4203960029985157,"{""type"":""MultiPoint"",""coordinates"":[]}"
203,2018-07-23,68.84827534518821,88.7935355602042,0.019113842906871074,25.601058183007826,3.0382772000303713,-0.5818592159070487,"{""type"":""MultiPoint"",""coordinates"":[]}"
204,2018-07-24,67.63286100728892,90.61816317958943,0.018872210202077216,25.072276641578977,1.7466500162169394,0.8497733447331577,"{""type"":""MultiPoint"",""coordinates"":[]}"
205,2018-07-25,66.87485658596688,89.75931428050964,0.018780726471333546,25.122297254888164,3.7496188723304433,1.016380752204583,"{""type"":""MultiPoint"",""coordinates"":[]}"
206,2018-07-26,66.75627690541508,89.73685245878045,0.018283844653952143,24.684484308274506,4.502904337368986,1.3347219233804986,"{""type"":""MultiPoint"",""coordinates"":[]}"
207,2018-07-27,61.13946647674815,89.3791688236968,0.01765629104697269,24.18309624080749,3.876080929560455,1.6850354854441965,"{""type"":""MultiPoint"",""coordinates"":[]}"
208,2018-07-28,56.30248127373917,88.31949277304757,0.01753863170151012,24.272499802578743,3.4072667048667493,1.6381966632320681,"{""type"":""MultiPoint"",""coordinates"":[]}"
209,2018-07-29,52.88436260698418,85.87442973193056,0.017706181006160893,24.919482631763664,3.5905355159606005,0.5446322440939227,"{""type"":""MultiPoint"",""coordinates"":[]}"
210,2018-07-30,54.26919400652193,86.19008295066061,0.017586233001354885,24.718286262884966,3.840651229256379,0.33104891928509333,"{""type"":""MultiPoint"",""coordinates"":[]}"
211,2018-07-31,53.59629585390295,83.89496968821447,0.01721798190259384,24.805980886820542,4.234891152582961,0.12950001301972647,"{""type"":""MultiPoint"",""coordinates"":[]}"
212,2018-08-01,53.0347991924841,85.62367851895901,0.017150844971886816,24.409770755055682,3.8894791580008836,0.5978252566658822,"{""type"":""MultiPoint"",""coordinates"":[]}"
213,2018-08-02,46.9487692394959,82.76721422367424,0.016980691192151037,24.861154901867945,4.233246959427219,0.787288036142298,"{""type"":""MultiPoint"",""coordinates"":[]}"
214,2018-08-03,47.278576120983175,82.78539818443215,0.0170497987452392,24.959990405136235,4.401142672635589,0.6864734034562752,"{""type"":""MultiPoint"",""coordinates"":[]}"
215,2018-08-04,50.17124710207578,83.38510889927879,0.017091079112775336,24.89721759729262,3.86355398118252,0.806698843095253,"{""type"":""MultiPoint"",""coordinates"":[]}"
216,2018-08-05,51.6154803367256,82.82279586189844,0.017066504643865655,24.94583626658567,3.535125059513245,0.9811491367357439,"{""type"":""MultiPoint"",""coordinates"":[]}"
217,2018-08-06,53.133565294954224,83.88351288800354,0.017055098217031717,24.69819128905603,3.6938988416102747,0.8831769620521454,"{""type"":""MultiPoint"",""coordinates"":[]}"
218,2018-08-07,57.73514623864845,85.39942637944532,0.017344784624664426,24.64790492433968,2.904152757525062,0.34241230678239454,"{""type"":""MultiPoint"",""coordinates"":[]}"
219,2018-08-08,60.87522360613034,86.72878368457759,0.017725689567098354,24.72839517640616,1.784289732446501,-1.0024741573853178,"{""type"":""MultiPoint"",""coordinates"":[]}"
220,2018-08-09,60.94463556416309,90.25478415902144,0.0183595403775705,24.696351124640547,0.9171674053417886,-0.3209422984820458,"{""type"":""MultiPoint"",""coordinates"":[]}"
221,2018-08-10,59.927099507741175,87.73457249769693,0.018562120050659388,25.392020801137647,2.44459067688655,0.3591990275098563,"{""type"":""MultiPoint"",""coordinates"":[]}"
222,2018-08-11,61.272854367893366,87.18379680229178,0.018720523663066393,25.65463747937744,3.713914576199735,0.11890584584787826,"{""type"":""MultiPoint"",""coordinates"":[]}"
223,2018-08-12,60.326420258341166,87.57748091399252,0.018369869504271018,25.174137256071333,3.700001467374877,0.4194964525573695,"{""type"":""MultiPoint"",""coordinates"":[]}"
224,2018-08-13,57.975072852714916,88.31435600610995,0.01802994310462296,24.71620937939634,2.396251165040398,1.2654715320855847,"{""type"":""MultiPoint"",""coordinates"":[]}"
225,2018-08-14,58.140398282323645,87.79037429405973,0.018064171223499095,24.869878348625793,2.653749963441482,0.318091180583727,"{""type"":""MultiPoint"",""coordinates"":[]}"
226,2018-08-15,61.121766461371934,88.26527526076751,0.01852754780407439,25.20523104848804,2.16328540899416,-0.6109853617191842,"{""type"":""MultiPoint"",""coordinates"":[]}"
227,2018-08-16,64.1270359274001,90.50873716842334,0.018844369585133903,25.05824945541538,-0.6447088478518629,-2.168867753257393,"{""type"":""MultiPoint"",""coordinates"":[]}"
228,2018-08-17,62.09546725837357,91.81118111856684,0.01943831318317874,25.297383515844352,-1.735897896316422,-0.8238931006615557,"{""type"":""MultiPoint"",""coordinates"":[]}"
229,2018-08-18,58.98615689761925,89.70636675429455,0.018546340852490444,24.970186197596373,1.3711590667294145,0.5413137370110298,"{""type"":""MultiPoint"",""coordinates"":[]}"
230,2018-08-19,61.77328037037809,90.74366262500017,0.018890517517361764,25.098286756173835,2.698698357482341,0.45945268952065854,"{""type"":""MultiPoint"",""coordinates"":[]}"
231,2018-08-20,63.283090258248606,89.73630527900723,0.018962376553492064,25.345723715605423,1.8005065436225407,-0.724677531536835,"{""type"":""MultiPoint"",""coordinates"":[]}"
232,2018-08-21,65.05506687581526,92.06572910361767,0.018928498321124223,24.835354351815575,0.5926145789405891,-1.1427219719880062,"{""type"":""MultiPoint"",""coordinates"":[]}"
233,2018-08-22,62.77297985537425,92.2706800939008,0.018209821250821955,24.132400114266048,2.489896769523367,0.9589257434187872,"{""type"":""MultiPoint"",""coordinates"":[]}"
234,2018-08-23,64.62868800694719,92.20503264227743,0.018321010869972693,24.30042917962649,3.3910424235475007,0.6653503014961547,"{""type"":""MultiPoint"",""coordinates"":[]}"
235,2018-08-24,62.80082947089791,92.12256115502463,0.018027592388859964,24.06445987440335,4.066550489585698,0.3081502744982589,"{""type"":""MultiPoint"",""coordinates"":[]}"
236,2018-08-25,62.38957608561051,92.74787418708645,0.017478739896404694,23.41931215324509,3.7662603136581185,1.013710747299624,"{""type"":""MultiPoint"",""coordinates"":[]}"
237,2018-08-26,61.21909256469901,92.6131209120305,0.017496472420581256,23.46041560289476,3.6164626531485142,0.6887376305154351,"{""type"":""MultiPoint"",""coordinates"":[]}"
238,2018-08-27,60.37103062172173,91.62369790402703,0.01720620593698498,23.371453830527862,3.1312391886385025,0.36976861184524296,"{""type"":""MultiPoint"",""coordinates"":[]}"
239,2018-08-28,62.31598256794959,91.1258108978727,0.01788796820729505,24.091323852016792,2.3844558156387934,-0.1638257728530673,"{""type"":""MultiPoint"",""coordinates"":[]}"
240,2018-08-29,63.883612999564406,94.50650709947298,0.01849186877965291,24.046532142763695,2.073020857279952,0.24542367288070915,"{""type"":""MultiPoint"",""coordinates"":[]}"
241,2018-08-30,61.79558112373656,93.39709648862495,0.01849728839371027,24.254121299346686,3.266096292571641,0.6119145165632945,"{""type"":""MultiPoint"",""coordinates"":[]}"
242,2018-08-31,62.617289338620935,92.98904060179646,0.017994451186116943,23.8670719668722,3.5866362087910475,0.7454805741652737,"{""type"":""MultiPoint"",""coordinates"":[]}"
243,2018-09-01,62.92534035812431,93.97420622904046,0.01786851916405064,23.5960815356193,3.6312627935756194,-0.13184499245413317,"{""type"":""MultiPoint"",""coordinates"":[]}"
244,2018-09-02,60.326022952448874,93.8090063586688,0.017454079492505156,23.234594035406843,3.1745896688177493,0.5690218712445094,"{""type"":""MultiPoint"",""coordinates"":[]}"
245,2018-09-03,58.9870854970578,94.21916707507133,0.017214091754683216,22.947744916378554,2.8886759856243733,0.870431765110356,"{""type"":""MultiPoint"",""coordinates"":[]}"
246,2018-09-04,56.31432610176767,93.82953500122828,0.016936465255952167,22.77661027951304,2.616442891363924,0.5636632393714067,"{""type"":""MultiPoint"",""coordinates"":[]}"
247,2018-09-05,58.01573935651426,92.42700264491799,0.01695042070690979,22.9957868288458,3.6498317763141324,0.04234778271192856,"{""type"":""MultiPoint"",""coordinates"":[]}"
248,2018-09-06,56.520231850844915,92.34615936338571,0.01686460243669539,22.906935250080753,3.8626825550771793,-0.404069740646886,"{""type"":""MultiPoint"",""coordinates"":[]}"
249,2018-09-07,54.99776006064475,89.71586517703867,0.016065714916211664,22.613001159556813,2.6462895663930706,-0.9548438277149223,"{""type"":""MultiPoint"",""coordinates"":[]}"
250,2018-09-08,58.85566998349992,94.01239302150599,0.016601838987903978,22.322704053429643,0.5897452619027087,0.7671239295919533,"{""type"":""MultiPoint"",""coordinates"":[]}"
251,2018-09-09,50.61070612518882,92.17827238560066,0.015668682306451753,21.789144801313256,1.7705110382517921,2.3436510696858663,"{""type"":""MultiPoint"",""coordinates"":[]}"
252,2018-09-10,47.05124020459863,91.29160854384341,0.015507864833299584,21.85478405460794,1.9767293842032998,0.8422192375925989,"{""type"":""MultiPoint"",""coordinates"":[]}"
253,2018-09-11,47.05068872133074,90.91988961484253,0.01578869344049595,22.234635375097564,2.1688581621080205,0.9288983347094797,"{""type"":""MultiPoint"",""coordinates"":[]}"
254,2018-09-12,48.13751859666865,91.67866623004774,0.016451611245384898,22.7026079806911,2.9003245105591313,0.99729019997769,"{""type"":""MultiPoint"",""coordinates"":[]}"
255,2018-09-13,41.285764491339876,91.33479114733096,0.016116890729448583,22.411882311879108,2.862887678534875,0.7881369349962488,"{""type"":""MultiPoint"",""coordinates"":[]}"
256,2018-09-14,35.995856786050744,90.62220819870012,0.01568022921406818,22.117461772490856,1.7771941928499293,0.5900976924418307,"{""type"":""MultiPoint"",""coordinates"":[]}"
257,2018-09-15,37.53809977051082,88.6574727343485,0.015775697724480932,22.63942240544662,1.8336992558124476,0.14300192166185663,"{""type"":""MultiPoint"",""coordinates"":[]}"
258,2018-09-16,33.60231308917826,82.78488184430853,0.014678514166948755,22.61398066163216,1.4885911549577873,-0.3703600886807729,"{""type"":""MultiPoint"",""coordinates"":[]}"
259,2018-09-17,33.22205118931753,76.15257651487967,0.013791273036346356,22.930445640765065,1.6660376103229497,-0.2714875483238925,"{""type"":""MultiPoint"",""coordinates"":[]}"
260,2018-09-18,33.378985504214796,72.0524128167866,0.01314904970791235,23.068027563834203,1.6806802993342504,-0.5625171788763389,"{""type"":""MultiPoint"",""coordinates"":[]}"
261,2018-09-19,34.67631870801896,71.93522516184879,0.013390077257694196,23.40667756554277,1.7357501172951215,-0.5508419395377769,"{""type"":""MultiPoint"",""coordinates"":[]}"
262,2018-09-20,33.527077516852394,69.54069830722892,0.013153235153212303,23.6309575699197,0.8558292082839762,-1.0102103291971445,"{""type"":""MultiPoint"",""coordinates"":[]}"
263,2018-09-21,48.65783086102886,78.22834531685149,0.015280866285248747,24.022826583063583,-1.4562740824301146,-2.3201831360978824,"{""type"":""MultiPoint"",""coordinates"":[]}"
264,2018-09-22,61.34140585162516,92.21831329099923,0.01772217945045085,23.760189003742088,-3.1790394743068604,-0.1618004195445467,"{""type"":""MultiPoint"",""coordinates"":[]}"
265,2018-09-23,55.1970216856122,91.83617382511335,0.016757028133114412,23.0022079625578,-0.713642638776717,3.2645254329393403,"{""type"":""MultiPoint"",""coordinates"":[]}"
266,2018-09-24,46.629017946165206,91.34387896494513,0.016584062721314834,22.941088495124184,1.435261159276142,2.4502692249038467,"{""type"":""MultiPoint"",""coordinates"":[]}"
267,2018-09-25,39.816411545953954,91.76985744578909,0.016621668733112098,22.918351969336907,2.327930349150969,0.8908823949293125,"{""type"":""MultiPoint"",""coordinates"":[]}"
268,2018-09-26,33.68975377763157,83.92281721807971,0.015321174800190355,23.031780637150867,1.8660195759714358,0.09804559289253967,"{""type"":""MultiPoint"",""coordinates"":[]}"
269,2018-09-27,30.50864455599637,74.28723258675234,0.013704627674046914,23.21808789814422,1.4058351910722289,0.22089838310978527,"{""type"":""MultiPoint"",""coordinates"":[]}"
270,2018-09-28,29.240145462783516,66.21459944271514,0.012247297991064231,23.267181410270556,0.9791729381017246,0.08353012801195149,"{""type"":""MultiPoint"",""coordinates"":[]}"
271,2018-09-29,26.470452091470968,58.62846694998319,0.010738165031650726,23.157208224281614,0.6757352344788105,0.140346311404577,"{""type"":""MultiPoint"",""coordinates"":[]}"
272,2018-09-30,26.8736077420106,55.76128336544208,0.010220860782406542,23.20634847524655,1.402042319092294,0.3185923395709365,"{""type"":""MultiPoint"",""coordinates"":[]}"
273,2018-10-01,26.0656859426823,58.12670358321957,0.010525457095407906,22.948117339442685,0.7129760268011638,0.7210168982092479,"{""type"":""MultiPoint"",""coordinates"":[]}"
274,2018-10-02,26.405882272696743,60.07371209003321,0.011050051219647227,23.23113462707834,0.5050595898925178,0.8559961517872792,"{""type"":""MultiPoint"",""coordinates"":[]}"
275,2018-10-03,28.26895227817264,58.78645342781614,0.011207377786905616,23.866291471228212,1.4005020112251156,1.2465647323708708,"{""type"":""MultiPoint"",""coordinates"":[]}"
276,2018-10-04,30.446571992196777,59.26926271295566,0.011506424522422001,24.143463398414465,0.6276960306064358,1.071164489984776,"{""type"":""MultiPoint"",""coordinates"":[]}"
277,2018-10-05,30.155651838182873,62.29879139465069,0.01196414259332335,23.964907792935715,0.6041149200747301,0.37694471082542924,"{""type"":""MultiPoint"",""coordinates"":[]}"
278,2018-10-06,24.488721354834443,56.40217728731502,0.010545496077658433,23.54709168232224,0.2617794262811103,0.4812896520607924,"{""type"":""MultiPoint"",""coordinates"":[]}"
279,2018-10-07,24.51545134407042,50.654918630652126,0.009620842549700616,23.823908688008427,0.1961263882030168,0.9955478726767912,"{""type"":""MultiPoint"",""coordinates"":[]}"
280,2018-10-08,24.120157844708203,50.87083159187032,0.009544320614444384,23.535271481324454,0.5420272872428042,0.7875879639966258,"{""type"":""MultiPoint"",""coordinates"":[]}"
281,2018-10-09,21.39119041167766,49.960690341587885,0.008892714010005326,22.720666853892745,0.5339180208156239,0.5178927498177043,"{""type"":""MultiPoint"",""coordinates"":[]}"
282,2018-10-10,21.972135991491754,47.35000109249938,0.00865350591817013,23.124513534921668,0.7461126126257313,-0.08593574452690378,"{""type"":""MultiPoint"",""coordinates"":[]}"
283,2018-10-11,24.686484019903975,58.34989428983436,0.01005037569104829,22.350934873764842,-0.9643575346509619,-0.3391476447893529,"{""type"":""MultiPoint"",""coordinates"":[]}"
284,2018-10-12,26.65080655576513,69.04210527925504,0.011574763120277814,21.851011505994883,-1.3732502456245181,-0.9946262599914992,"{""type"":""MultiPoint"",""coordinates"":[]}"
285,2018-10-13,25.80689284477342,76.50037433623989,0.012509119397526424,21.444154097372966,-0.9547364285981363,-0.006694973896000831,"{""type"":""MultiPoint"",""coordinates"":[]}"
286,2018-10-14,22.946653130302487,60.50936717449725,0.01000998721191163,21.64534700696867,0.17506593982411278,0.09313356977177413,"{""type"":""MultiPoint"",""coordinates"":[]}"
287,2018-10-15,20.02515413092385,49.877369897137385,0.008179668942751551,21.5266187136624,0.46014796057675517,0.5603808331131901,"{""type"":""MultiPoint"",""coordinates"":[]}"
288,2018-10-16,21.01023368176423,49.750802159285875,0.008444342834507745,22.098162410411224,0.6754721235477926,0.8783045770929315,"{""type"":""MultiPoint"",""coordinates"":[]}"
289,2018-10-17,24.980990396935944,48.22387857931399,0.008496032596146508,22.69273747488856,1.345749827335829,0.37768388734152814,"{""type"":""MultiPoint"",""coordinates"":[]}"
290,2018-10-18,23.966436758523663,47.44958294171331,0.008337752533845893,22.614607649788148,1.5460690716052765,0.38162339703295595,"{""type"":""MultiPoint"",""coordinates"":[]}"
291,2018-10-19,24.67458887926893,48.08580636471625,0.008447412698074253,22.564609514761834,1.4131004420495972,0.012220781728979793,"{""type"":""MultiPoint"",""coordinates"":[]}"
292,2018-10-20,25.84347532636022,48.44981002630319,0.008659113163412589,22.86609937991918,0.5259355707651433,0.21434630106508834,"{""type"":""MultiPoint"",""coordinates"":[]}"
293,2018-10-21,28.240797211249305,48.2451239396977,0.00886461854462849,23.2649418828009,0.45129195079301737,0.39513065365777833,"{""type"":""MultiPoint"",""coordinates"":[]}"
294,2018-10-22,20.906865187976152,45.92564596580504,0.007736913072289162,21.808380182843504,0.6430903177687134,-1.165375236510666,"{""type"":""MultiPoint"",""coordinates"":[]}"
295,2018-10-23,17.56648304825451,42.96606617777804,0.006695928263032193,20.729495594672667,-0.2993266753925372,0.03174580929334455,"{""type"":""MultiPoint"",""coordinates"":[]}"
296,2018-10-24,15.774257810496255,37.91256761652662,0.005807256435779839,20.421729680124034,-0.7519559960036352,1.175467267056025,"{""type"":""MultiPoint"",""coordinates"":[]}"
297,2018-10-25,18.408263147435612,35.34269149668254,0.005705365877611128,21.09297453540017,0.07123901249779806,1.2593284143316075,"{""type"":""MultiPoint"",""coordinates"":[]}"
298,2018-10-26,21.1032187003611,42.544751685278484,0.006818290574680102,21.144694450431267,0.2636703259117385,0.6871460465953784,"{""type"":""MultiPoint"",""coordinates"":[]}"
299,2018-10-27,19.373242712848185,41.61116478153888,0.006614527489788385,21.01119093938675,-0.5939394399978958,-0.02691596081569929,"{""type"":""MultiPoint"",""coordinates"":[]}"
300,2018-10-28,17.8710431796749,43.395243442057875,0.006658652181822888,20.45189598999,-1.2105286835358635,-0.4704803694696307,"{""type"":""MultiPoint"",""coordinates"":[]}"
301,2018-10-29,14.675934153064867,46.93122868415417,0.0068059713943597645,19.530643564700082,-1.3693168889979779,-0.05756669565909221,"{""type"":""MultiPoint"",""coordinates"":[]}"
302,2018-10-30,15.40364744481074,50.730545228858304,0.007115131175111533,19.07074947362829,-1.4146739544750204,-0.16940054227717383,"{""type"":""MultiPoint"",""coordinates"":[]}"
303,2018-10-31,18.88481463185992,60.03639803541529,0.008754971297965045,19.658312773079157,-1.9135815840966488,-0.4414090396976766,"{""type"":""MultiPoint"",""coordinates"":[]}"
304,2018-11-01,22.12887750136645,63.73516242436194,0.009842995594284214,20.524928360815228,-1.548813700236248,-0.43422947571555937,"{""type"":""MultiPoint"",""coordinates"":[]}"
305,2018-11-02,21.946783556096484,59.62953164447177,0.009551015128378233,21.130752346378223,-1.151452190119754,0.43846656010527874,"{""type"":""MultiPoint"",""coordinates"":[]}"
306,2018-11-03,23.445258248026214,57.38771829032323,0.009449588074635753,21.5095144489244,-0.2041358961628354,1.2001858132924372,"{""type"":""MultiPoint"",""coordinates"":[]}"
307,2018-11-04,26.457997112563433,56.098410310385084,0.009886427108041006,22.77259592316821,0.607729610989639,1.116445412637437,"{""type"":""MultiPoint"",""coordinates"":[]}"
308,2018-11-05,23.871291556391654,56.565118543302134,0.009249841824991566,21.041923335922696,-0.009137693864523377,-0.8800676283900554,"{""type"":""MultiPoint"",""coordinates"":[]}"
309,2018-11-06,18.35950364209249,49.041166722832465,0.007330301731347079,19.445070668748812,0.038625841740906816,-1.6638753682565386,"{""type"":""MultiPoint"",""coordinates"":[]}"
310,2018-11-07,10.065408756849848,40.22937881563623,0.005034466990310732,17.06640720114711,-0.4957335053501493,-0.5196715217594641,"{""type"":""MultiPoint"",""coordinates"":[]}"
311,2018-11-08,8.548891385965618,35.74475502518375,0.0043082791708741915,16.477102963516572,-1.0494061889582726,-0.21921897988239822,"{""type"":""MultiPoint"",""coordinates"":[]}"
312,2018-11-09,9.168073197129788,36.778303044934475,0.004454864387612344,16.65638128789516,-0.6197452720739106,0.20276638274223124,"{""type"":""MultiPoint"",""coordinates"":[]}"
313,2018-11-10,10.420464888487533,36.14322126498774,0.0046055428960623855,17.472390286828656,-0.6053077592347502,0.5999258639915732,"{""type"":""MultiPoint"",""coordinates"":[]}"
314,2018-11-11,12.41993818061702,40.133942357743386,0.005249212535316436,17.921610272132238,-0.8260451680930098,0.55669463193714,"{""type"":""MultiPoint"",""coordinates"":[]}"
315,2018-11-12,13.651684261705785,39.43448769997838,0.005218215672140044,18.23091438536182,-0.12558373609271853,0.8496300545862744,"{""type"":""MultiPoint"",""coordinates"":[]}"
316,2018-11-13,15.67099994302266,36.19730867015844,0.005147165300524776,19.187331817942557,0.6453660420136258,1.0680721965118292,"{""type"":""MultiPoint"",""coordinates"":[]}"
317,2018-11-14,17.899289243061435,39.37658020181195,0.005810198529605952,19.677103240176645,0.0673871509565292,0.34477593900915116,"{""type"":""MultiPoint"",""coordinates"":[]}"
318,2018-11-15,17.210447489524427,41.205114650397725,0.00625328323939889,20.101293574558245,-0.0692405911450525,0.05585375469235485,"{""type"":""MultiPoint"",""coordinates"":[]}"
319,2018-11-16,15.655915455148435,46.21477371422114,0.006469160257793506,18.832231060839174,-0.19546691001956684,-1.1709960943268436,"{""type"":""MultiPoint"",""coordinates"":[]}"
320,2018-11-17,15.64548802749658,43.292858717575015,0.0057907718726774235,18.143395946006972,0.17738865020578962,-0.5530777734430112,"{""type"":""MultiPoint"",""coordinates"":[]}"
321,2018-11-18,16.046853726837806,44.5904873626199,0.006107143796807516,18.434153559414856,-0.3013121443919302,0.5571410482732514,"{""type"":""MultiPoint"",""coordinates"":[]}"
322,2018-11-19,17.983433411399833,46.35484844291691,0.006632606994685891,19.005170965974752,-1.3894633363297846,0.8222531582009321,"{""type"":""MultiPoint"",""coordinates"":[]}"
323,2018-11-20,22.63629122946761,50.68394690200791,0.00768823908324345,19.807171059974838,-0.9246941365019518,0.5755445880466844,"{""type"":""MultiPoint"",""coordinates"":[]}"
324,2018-11-21,18.654156968690643,50.19261842737785,0.00745486116690893,19.74830935303204,-0.9710157630776397,-0.747117089509066,"{""type"":""MultiPoint"",""coordinates"":[]}"
325,2018-11-22,16.446534033559146,50.153407412433964,0.007105045601943577,18.932909780690068,-1.39095505390643,0.14850900141419254,"{""type"":""MultiPoint"",""coordinates"":[]}"
326,2018-11-23,19.60116242885685,47.94901169785033,0.0068091388868242965,18.971122627742275,-0.6579931446789752,-0.157878284554164,"{""type"":""MultiPoint"",""coordinates"":[]}"
327,2018-11-24,12.358874841595844,48.38639404783788,0.006329185130050841,17.7866965414529,0.3959090522268955,-0.9506069847667088,"{""type"":""MultiPoint"",""coordinates"":[]}"
328,2018-11-25,10.269042682836076,44.32042626341335,0.005330725776893609,16.469722374014133,0.3980349590306584,-0.36706790047389676,"{""type"":""MultiPoint"",""coordinates"":[]}"
329,2018-11-26,8.95383788337118,40.22653656194039,0.004760371327274715,16.32879018952427,-0.2844886234180081,-0.561499580345824,"{""type"":""MultiPoint"",""coordinates"":[]}"
330,2018-11-27,10.482006978136637,44.64691335950132,0.005162322615373348,15.891763779236591,-1.468387475227881,-0.23643268666201367,"{""type"":""MultiPoint"",""coordinates"":[]}"
331,2018-11-28,12.332936019970449,51.94920827066962,0.006146579581483206,16.32862984486223,-1.6189588005994437,-0.046407731148941506,"{""type"":""MultiPoint"",""coordinates"":[]}"
332,2018-11-29,14.019748287900882,62.92556938505024,0.007323687190055071,16.060840465578273,-0.8890003916696735,-0.779379281639644,"{""type"":""MultiPoint"",""coordinates"":[]}"
333,2018-11-30,12.812051515730202,62.817433308266814,0.007188288713844293,15.782429558758645,-0.5468937675187304,-0.7971345190972611,"{""type"":""MultiPoint"",""coordinates"":[]}"
334,2018-12-01,11.14603138343238,60.1006210629977,0.006715389112491721,15.408825332283437,-0.22178698470009808,-0.6926710491559874,"{""type"":""MultiPoint"",""coordinates"":[]}"
335,2018-12-02,10.86095258534269,55.649020054542824,0.006183907166798143,15.228799838144017,-1.2263183420081716,0.3881409280036105,"{""type"":""MultiPoint"",""coordinates"":[]}"
336,2018-12-03,11.340778672997239,50.52486256097859,0.005710223018814872,15.43980934932724,-1.181340111516846,0.025204183938350607,"{""type"":""MultiPoint"",""coordinates"":[]}"
337,2018-12-04,13.896700534688884,55.391219614166936,0.006320268081677336,15.484811974696747,-1.8086188698025305,-0.0680487696732575,"{""type"":""MultiPoint"",""coordinates"":[]}"
338,2018-12-05,15.039303750978167,52.63320470077979,0.006109323266060706,15.693251714885744,-0.8423525464283381,-0.5288279396927243,"{""type"":""MultiPoint"",""coordinates"":[]}"
339,2018-12-06,13.360082461314212,51.12818910515963,0.005776506950846305,15.366357664798095,-1.0833414988945391,0.03922339242589466,"{""type"":""MultiPoint"",""coordinates"":[]}"
340,2018-12-07,14.220972864669397,51.656431285537266,0.005808336500321963,15.248151744360273,-1.2059943256718682,-0.5589271267435693,"{""type"":""MultiPoint"",""coordinates"":[]}"
341,2018-12-08,13.345715610342037,50.15240344546917,0.005558862283983984,14.88709544609295,-1.6731149684365767,0.1789554191369118,"{""type"":""MultiPoint"",""coordinates"":[]}"
342,2018-12-09,14.925937085832746,51.71472179915104,0.006008571496241391,15.370067776202273,-1.5812780553165071,-0.044534419612946775,"{""type"":""MultiPoint"",""coordinates"":[]}"
343,2018-12-10,14.68725594917687,50.9363009370742,0.005828995989245603,15.218652684969276,-1.5421856890958998,-0.04348645197437112,"{""type"":""MultiPoint"",""coordinates"":[]}"
344,2018-12-11,14.421940027738602,55.09395014141145,0.006014450063207942,14.833971768277078,-0.8335217752607808,-0.7652491083259687,"{""type"":""MultiPoint"",""coordinates"":[]}"
345,2018-12-12,16.35385716650747,50.262013271226884,0.0055056837105513495,15.105893233738298,-1.3672769715581397,0.6575383927407799,"{""type"":""MultiPoint"",""coordinates"":[]}"
346,2018-12-13,16.23667279404214,62.87652186881388,0.006489799535858008,14.204921045359933,-0.7460213577247179,-1.3987425145179129,"{""type"":""MultiPoint"",""coordinates"":[]}"
347,2018-12-14,13.379975121946645,63.37876644765071,0.006224175144194214,13.438933926057407,-0.7367417847968983,-2.443468597669355,"{""type"":""MultiPoint"",""coordinates"":[]}"
348,2018-12-15,8.940430377464184,59.804635998292675,0.0053206733030366615,11.853712295522033,-0.9349141475046526,-2.1606889038132024,"{""type"":""MultiPoint"",""coordinates"":[]}"
349,2018-12-16,6.084625782787418,52.48636043303605,0.004438449088275841,11.000676520100594,-1.2178988341305355,-1.8010590262013009,"{""type"":""MultiPoint"",""coordinates"":[]}"
350,2018-12-17,12.380990057902787,48.10126744903156,0.004290005287029227,11.989719390980127,-1.0364324517278305,-2.085939494979694,"{""type"":""MultiPoint"",""coordinates"":[]}"
351,2018-12-18,11.884424497004499,59.328179479251204,0.005452215605261551,11.988112709999635,-0.8490954888783291,-1.078180604854882,"{""type"":""MultiPoint"",""coordinates"":[]}"
352,2018-12-19,6.148104933310476,50.63794398402547,0.004363488530868695,11.362302102406378,-0.18467754394673017,-0.13925824984932428,"{""type"":""MultiPoint"",""coordinates"":[]}"
353,2018-12-20,5.143204569657007,48.13445399643579,0.004078204410459574,11.003668767497082,-0.7145166208141728,0.42723985953309634,"{""type"":""MultiPoint"",""coordinates"":[]}"
354,2018-12-21,5.180412556141461,40.95767721003523,0.0036188223526655164,11.530317105502663,-0.5493450117030318,0.13056497719831325,"{""type"":""MultiPoint"",""coordinates"":[]}"
355,2018-12-22,5.298820168284493,38.917710067995436,0.0034512967382278603,11.69289132461127,-0.819751256598374,0.4119297636453025,"{""type"":""MultiPoint"",""coordinates"":[]}"
356,2018-12-23,6.561897028802455,43.346012183149135,0.0039038654878819556,11.851091383513344,-1.3109083414181117,0.42474997038458623,"{""type"":""MultiPoint"",""coordinates"":[]}"
357,2018-12-24,8.392443700151762,44.47630733706542,0.004224559108293949,12.649064623427597,-0.8381106517792256,-0.39188404801583965,"{""type"":""MultiPoint"",""coordinates"":[]}"
358,2018-12-25,11.7147916701186,42.30421140668106,0.00407954248195299,12.88948446039847,-1.0574547351088255,-0.6972900475308391,"{""type"":""MultiPoint"",""coordinates"":[]}"
359,2018-12-26,12.021454309705522,45.78752804394176,0.004357464325319184,12.66807873854062,-1.235270160734805,-0.7935625464300491,"{""type"":""MultiPoint"",""coordinates"":[]}"
360,2018-12-27,9.523610408926551,47.73619168948266,0.004417190206965268,12.236010971743227,-0.20564225700776767,-1.595396750224605,"{""type"":""MultiPoint"",""coordinates"":[]}"
361,2018-12-28,5.006718047497736,40.2657605358633,0.003149168085341923,9.944907107021383,0.29935890663101933,-1.510515037194527,"{""type"":""MultiPoint"",""coordinates"":[]}"
362,2018-12-29,3.9764046453644126,37.25800897631042,0.0026314857017885815,8.562054777566301,-0.602991787278241,-0.5845531344843267,"{""type"":""MultiPoint"",""coordinates"":[]}"
363,2018-12-30,5.239560007530513,35.555863233385146,0.0026793814131108196,9.408132849351,-0.891176772702345,-0.0814720929238096,"{""type"":""MultiPoint"",""coordinates"":[]}"
364,2018-12-31,7.778335602146577,33.66337601835083,0.002766756934441454,10.802086425589136,-0.7089281922454285,-0.182491502920567,"{""type"":""MultiPoint"",""coordinates"":[]}"
